<?xml version="1.0" encoding="UTF-8"?>
<!-- 
@category    Mana
@package     Mana_Core
@copyright   Copyright (c) http://www.manadev.com
@license     http://www.manadev.com/license  Proprietary License
 -->
<config>
    <tabs>
        <mana>
            <label>MANAdev</label>
            <sort_order>250</sort_order>
        </mana>
    </tabs>
    <sections>
        <mana translate="label" module="mana_core">
            <label>General</label>
            <tab>mana</tab>
            <frontend_type>text</frontend_type>
            <sort_order>50</sort_order>
            <show_in_default>1</show_in_default>
            <show_in_website>1</show_in_website>
            <show_in_store>1</show_in_store>
            <groups>
                <js translate="label" module="mana_core">
                    <label>JavaScript Libraries for Store Frontend</label>
                    <frontend_type>text</frontend_type>
                    <sort_order>10000</sort_order>
                    <show_in_default>1</show_in_default>
                    <show_in_website>1</show_in_website>
                    <show_in_store>1</show_in_store>
                    <fields>
                        <jquery translate="label comment">
                            <label>jQuery (version 1.8.3)</label>
                            <comment>Always runs in jQuery.noConflict() mode (slight modification) to prevent conflicts with Prototype JavaScript library used by Magento.</comment>
                            <frontend_type>select</frontend_type>
                            <source_model>mana_core/source_js</source_model>
                            <sort_order>100</sort_order>
                            <show_in_default>1</show_in_default>
                            <show_in_website>1</show_in_website>
                            <show_in_store>1</show_in_store>
                        </jquery>
                    </fields>
                </js>
                <js_admin translate="label" module="mana_core">
                    <label>JavaScript Libraries for Admin Panel</label>
                    <frontend_type>text</frontend_type>
                    <sort_order>10000</sort_order>
                    <show_in_default>1</show_in_default>
                    <show_in_website>1</show_in_website>
                    <show_in_store>1</show_in_store>
                    <fields>
                        <jquery translate="label comment">
                            <label>jQuery (version 1.8.3)</label>
                            <comment>Always runs in jQuery.noConflict() mode (slight modification) to prevent conflicts with Prototype JavaScript library used by Magento.</comment>
                            <frontend_type>select</frontend_type>
                            <source_model>mana_core/source_js</source_model>
                            <sort_order>100</sort_order>
                            <show_in_default>1</show_in_default>
                            <show_in_website>0</show_in_website>
                            <show_in_store>0</show_in_store>
                        </jquery>
                    </fields>
                </js_admin>
            </groups>
        </mana>
    </sections>
</config>